-- phpMyAdmin SQL Dump
-- version 5.2.1
-- https://www.phpmyadmin.net/
--
-- 主機： 127.0.0.1
-- 產生時間： 2024-08-22 09:57:59
-- 伺服器版本： 10.4.32-MariaDB
-- PHP 版本： 8.2.12

SET SQL_MODE = "NO_AUTO_VALUE_ON_ZERO";
START TRANSACTION;
SET time_zone = "+00:00";


/*!40101 SET @OLD_CHARACTER_SET_CLIENT=@@CHARACTER_SET_CLIENT */;
/*!40101 SET @OLD_CHARACTER_SET_RESULTS=@@CHARACTER_SET_RESULTS */;
/*!40101 SET @OLD_COLLATION_CONNECTION=@@COLLATION_CONNECTION */;
/*!40101 SET NAMES utf8mb4 */;

--
-- 資料庫： `fundrais`
--

-- --------------------------------------------------------

--
-- 資料表結構 `category`
--

CREATE TABLE `category` (
  `id` int(11) NOT NULL,
  `category_name` varchar(100) NOT NULL
) ENGINE=InnoDB DEFAULT CHARSET=utf8mb4 COLLATE=utf8mb4_unicode_ci;

--
-- 傾印資料表的資料 `category`
--

INSERT INTO `category` (`id`, `category_name`) VALUES
(1, '設計師A'),
(2, '設計師B'),
(3, '設計師C'),
(4, '設計師D');

-- --------------------------------------------------------

--
-- 資料表結構 `city`
--

CREATE TABLE `city` (
  `CityID` int(11) NOT NULL,
  `CityName` varchar(100) NOT NULL
) ENGINE=InnoDB DEFAULT CHARSET=utf8mb4 COLLATE=utf8mb4_unicode_ci;

--
-- 傾印資料表的資料 `city`
--

INSERT INTO `city` (`CityID`, `CityName`) VALUES
(1, '台北市'),
(2, '新北市'),
(3, '桃園市'),
(4, '台中市'),
(5, '台南市'),
(6, '高雄市'),
(7, '基隆市'),
(8, '新竹市'),
(9, '嘉義市'),
(10, '苗栗縣'),
(11, '彰化縣'),
(12, '南投縣'),
(13, '雲林縣'),
(14, '嘉義縣'),
(15, '屏東縣'),
(16, '宜蘭縣'),
(17, '花蓮縣'),
(18, '台東縣'),
(19, '澎湖縣'),
(20, '金門縣'),
(21, '連江縣'),
(22, '新竹縣'),
(23, '未輸入');

-- --------------------------------------------------------

--
-- 資料表結構 `designerornot`
--

CREATE TABLE `designerornot` (
  `designerID` tinyint(1) NOT NULL,
  `role` varchar(4) NOT NULL
) ENGINE=InnoDB DEFAULT CHARSET=utf8mb4 COLLATE=utf8mb4_unicode_ci;

--
-- 傾印資料表的資料 `designerornot`
--

INSERT INTO `designerornot` (`designerID`, `role`) VALUES
(0, '一般會員'),
(1, '設計師');

-- --------------------------------------------------------

--
-- 資料表結構 `employees`
--

CREATE TABLE `employees` (
  `EmployeeID` int(11) NOT NULL,
  `employeeName` varchar(20) NOT NULL,
  `MS_ID` int(11) DEFAULT NULL,
  `password` varchar(50) NOT NULL,
  `email` varchar(50) NOT NULL,
  `phoneNumber` varchar(10) NOT NULL,
  `JoinDate` timestamp NOT NULL DEFAULT current_timestamp(),
  `employedOrNot` tinyint(1) NOT NULL,
  `img` varchar(100) NOT NULL
) ENGINE=InnoDB DEFAULT CHARSET=utf8mb4 COLLATE=utf8mb4_unicode_ci;

--
-- 傾印資料表的資料 `employees`
--

INSERT INTO `employees` (`EmployeeID`, `employeeName`, `MS_ID`, `password`, `email`, `phoneNumber`, `JoinDate`, `employedOrNot`, `img`) VALUES
(1, '管禮圓', NULL, '12345', 'aaa@gmail.com', '0912345678', '2014-01-14 16:00:00', 1, '01.png'),
(2, '程俞君', NULL, 'E5f6G7h8', 'employee2@example.com', '0922345678', '2014-03-19 16:00:00', 0, ''),
(3, '王召聰', NULL, 'I9j0K1l2', 'employee3@example.com', '0932345678', '2014-05-24 16:00:00', 1, ''),
(4, '陳佩湘', NULL, 'M3n4O5p6', 'employee4@example.com', '0942345678', '2015-07-09 16:00:00', 1, ''),
(5, '徐娜家', NULL, 'Q7r8S9t0', 'employee5@example.com', '0952345678', '2015-09-14 16:00:00', 0, ''),
(6, '程易緹', NULL, 'U1v2W3x4', 'employee6@example.com', '0962345678', '2015-11-19 16:00:00', 1, ''),
(7, '汪璟雯', NULL, 'Y5z6A7b8', 'employee7@example.com', '0972345678', '2016-01-24 16:00:00', 1, ''),
(8, '劉姝漩', NULL, 'C9d0E1f2', 'employee8@example.com', '0982345678', '2016-03-29 16:00:00', 0, ''),
(9, '張昌睿', NULL, 'G3h4I5j6', 'employee9@example.com', '0918345678', '2016-05-04 16:00:00', 1, ''),
(10, '錢優歡', NULL, 'K7l8M9n0', 'employee10@example.com', '0928345678', '2017-07-09 16:00:00', 0, ''),
(11, '何森陣', NULL, 'O1p2Q3r4', 'employee11@example.com', '0938345678', '2017-09-14 16:00:00', 1, ''),
(12, '游城巖', NULL, 'S5t6U7v8', 'employee12@example.com', '0948345678', '2017-11-19 16:00:00', 1, ''),
(13, '張琦雅', NULL, 'W9x0Y1z2', 'employee13@example.com', '0958345678', '2018-01-24 16:00:00', 1, ''),
(14, '李孝甯', NULL, 'A3b4C5d6', 'employee14@example.com', '0968345678', '2018-03-29 16:00:00', 1, ''),
(15, '蔡夏軒', NULL, 'E7f8G9h0', 'employee15@example.com', '0978345678', '2018-05-04 16:00:00', 1, ''),
(16, '蔡英鈞', NULL, 'I1j2K3l4', 'employee16@example.com', '0988345678', '2019-07-09 16:00:00', 1, ''),
(17, '彭藴靄', NULL, 'M5n6O7p8', 'employee17@example.com', '0912345679', '2019-09-14 16:00:00', 1, ''),
(18, '程浚鼎', NULL, 'Q9r0S1t2', 'employee18@example.com', '0922345679', '2019-11-19 16:00:00', 1, ''),
(19, '張吉楚', NULL, 'U3v4W5x6', 'employee19@example.com', '0932345679', '2020-01-24 16:00:00', 1, ''),
(20, '張嚴禹', NULL, 'Y7z8A9b0', 'employee20@example.com', '0942345679', '2020-03-29 16:00:00', 1, '');

-- --------------------------------------------------------

--
-- 資料表結構 `genre`
--

CREATE TABLE `genre` (
  `genre_id` int(11) NOT NULL,
  `genre` varchar(50) NOT NULL
) ENGINE=InnoDB DEFAULT CHARSET=utf8mb4 COLLATE=utf8mb4_unicode_ci;

--
-- 傾印資料表的資料 `genre`
--

INSERT INTO `genre` (`genre_id`, `genre`) VALUES
(1, '流行'),
(2, '旅行'),
(3, '歐風'),
(4, '日式'),
(5, '居家'),
(6, '怪誕'),
(7, '開運'),
(8, '電競');

-- --------------------------------------------------------

--
-- 資料表結構 `membershipsystem`
--

CREATE TABLE `membershipsystem` (
  `MS_ID` int(11) NOT NULL,
  `account` varchar(20) NOT NULL,
  `password` varchar(25) NOT NULL,
  `img` varchar(100) NOT NULL DEFAULT '1.jpg',
  `memberName` varchar(50) NOT NULL,
  `email` varchar(50) NOT NULL,
  `PhoneNumber` varchar(20) DEFAULT NULL,
  `ADD_city` int(5) NOT NULL DEFAULT 23,
  `ADD_detail` varchar(50) DEFAULT NULL,
  `JoinDate` timestamp NOT NULL DEFAULT current_timestamp(),
  `designerOrNot` tinyint(1) NOT NULL,
  `isValid` int(1) NOT NULL DEFAULT 1
) ENGINE=InnoDB DEFAULT CHARSET=utf8mb4 COLLATE=utf8mb4_unicode_ci;

--
-- 傾印資料表的資料 `membershipsystem`
--

INSERT INTO `membershipsystem` (`MS_ID`, `account`, `password`, `img`, `memberName`, `email`, `PhoneNumber`, `ADD_city`, `ADD_detail`, `JoinDate`, `designerOrNot`, `isValid`) VALUES
(62, 'james181', '55155', '1723711501.jpg', '詹姆斯', 'james11@example.com', '0913462151', 6, '復興北路一段5號', '2024-08-04 03:06:16', 0, 1),
(63, 'jaime438', 'Pass123', '1723794471.jpg', '蕭彤瑋', 'jaime5566@gmail.com', '0988150321', 9, '文昌街7號', '2024-08-06 03:03:30', 1, 1),
(64, 'whittaker661', 'Pass123', '2.jpg', '王卓茂', 'whittaker@gmail.com', '0931349490', 6, '青島東路6號之1', '2024-08-06 03:03:30', 0, 1),
(65, 'sara1299', 'Pass1234', '3.jpg', '陳亭韻', 'sara1299@gmail.com', '0953793178', 5, '校前路23號', '2024-08-06 03:03:30', 1, 1),
(66, 'diaz1826', 'Pass1234', '4.jpg', '何曼筑', 'diaz1826@gmail.com', '0929111308', 1, '湖前街76號3樓', '2024-08-06 03:03:30', 0, 1),
(67, 'harper9471', 'Pass1234', '5.jpg', '陳旻真', 'har9471@outlook.com', '0972026375', 6, '永吉八街89號之14', '2024-08-06 03:03:30', 0, 1),
(68, 'merrick9737', 'Pass1234', '6.jpg', '彭業遠', 'merrick9737@gmail.com', '0957577209', 2, '廣東南路48號', '2024-08-06 03:03:30', 0, 1),
(69, 'claire5566', 'Pass1234', '7.jpg', '張元捷', 'claire388@hotmail.com', '0914346599', 2, '新西一街52號7樓', '2024-08-06 03:03:30', 0, 1),
(70, 'witton9633', 'Pass5566', '1723715948.jpg', '林益銀', 'witton9633@outlook.com', '0911344554', 18, '東門街41號', '2024-08-06 03:03:30', 0, 1),
(71, 'watson9091', 'Pass1234', '1723711409.jpg', '劉叢語', 'watson@gmail.com', '0918890175', 1, '麻園溪西路58號', '2024-08-06 03:03:30', 0, 1),
(72, 'benton8928', 'Pass1234', '1723621868.jpg', '曾56', 'benton8928@outlook.com', '0921897236', 6, '大雅路91號', '2024-08-06 03:03:30', 1, 1),
(73, 'blaine', 'Pass1234', '1.jpg', '邱希彬', 'blaine2090@outlook.com', '0923051237', 4, '和平路7號11樓', '2024-08-06 03:03:30', 0, 1),
(74, 'jacob2103', 'Pass1234', '2.jpg', '劉家鳴', 'jacob2103@gmail.com', '0963324549', 1, '大明一路52號56樓', '2024-08-06 03:03:30', 1, 1),
(75, 'allen1972', 'Pass1234', '3.jpg', '陳川華', 'allen5566@gmail.com', '0986820178', 1, '建武路4號9樓', '2024-08-06 03:03:30', 1, 1),
(76, 'phillips9154', 'Pass1234', '4.jpg', '陳帆津', 'phillips9154@gmail.com', '0972245997', 4, '德二街44號', '2024-08-06 03:03:30', 0, 1),
(77, 'blake174', 'Pass1234', '5.jpg', '葉江耀', 'blake174@gmail.com', '0933992252', 1, '興安街18號', '2024-08-06 03:03:30', 1, 1),
(78, 'greg6850', 'Pass1234', '6.jpg', '李棋貴', 'greg6850@gmail.com', '0963255566', 6, '王爺坑32號', '2024-08-06 03:03:30', 1, 1),
(79, 'scott8463', 'Pass1234', '7.jpg', '張世浩', 'scott8463@yahoo.com', '0923804647', 1, '水管路22號', '2024-08-06 03:03:30', 0, 1),
(80, 'ferragni6512', 'Pass1234', '1723715961.jpg', '羅吉碧', 'ferragni6512@yahoo.com', '0924967080', 1, '明鳳二十街60號之16', '2024-08-06 03:03:30', 0, 1),
(81, 'kathryn3938', 'Pass1234', '1723715968.jpg', '曹琪辰', 'kathryn5566@gmail.com', '0972066767', 1, '自由街38號之12', '2024-08-06 03:03:30', 0, 1),
(82, 'eva7068', 'Pass1234', '1723617621.jpg', '林中漩', 'eva7068@hotmail.com', '0960561191', 1, '古民街63號', '2024-08-06 03:03:30', 0, 1),
(83, 'ralph6301', 'Pass1234', '1723617629.jpg', '林諄雷', 'ralph6301@icloud.com', '0927051691', 8, '湖內巷64號之7', '2024-08-06 03:03:30', 0, 1),
(84, 'bennet589', 'Pass1234', '2.jpg', '吳元津', 'bennet589@yahoo.com', '0927511868', 12, '溪下路４段67號', '2024-08-06 03:03:30', 1, 1),
(85, 'garver7655', 'Pass1234', '3.jpg', '孫漩芳', 'garver7655@icloud.com', '0925078562', 7, '政德路92號之1', '2024-08-06 03:03:30', 0, 1),
(86, 'kirk9063', 'Pass1234', '4.jpg', '紀珍雯', 'kirk9063@hotmail.com', '0914075825', 4, '三和路71號', '2024-08-06 03:03:30', 0, 1),
(87, 'hall575', 'Pass1234', '1.jpg', '林來拓', 'hall575@gmail.com', '0939869512', 2, '長東街91號2樓', '2024-08-06 03:03:30', 0, 1),
(88, 'michelle4681', 'Pass1234', '2.jpg', '紀恩晏', 'michelle4681@gmail.com', '0955277412', 19, '新英1號', '2024-08-06 03:03:30', 0, 1),
(89, 'doris7187', 'Pass1234', '3.jpg', '唐宗雁', 'doris7187@gmail.com', '0968019199', 1, '忠明路37號', '2024-08-06 03:03:30', 1, 1),
(90, 'allen6449', 'Pass1234', '4.jpg', '張政馨', 'allen6449@gmail.com', '0934532774', 10, '民治街67號7樓', '2024-08-06 03:03:30', 0, 1),
(91, 'hawkins5226', 'Pass1234', '5.jpg', '林宇康', 'hawkins5226@yahoo.com', '0986667014', 20, '信義街36號', '2024-08-06 03:03:30', 0, 1),
(92, 'marcus5139', 'Pass1234', '6.jpg', '游帆成', 'marcus5139@gmail.com', '0961680360', 17, '中興路43號5樓', '2024-08-06 03:03:30', 1, 1),
(93, 'michael5671', 'Pass1234', '7.jpg', '鍾年業', 'michael5671@gmail.com', '0910600304', 15, '中興93號11樓', '2024-08-06 03:03:30', 1, 1),
(94, 'chelsea3240', 'Pass1234', '1723715976.jpg', '董蓓雲', 'chelsea3240@outlook.com', '0961994403', 1, '正隆街3號2樓', '2024-08-06 03:03:30', 0, 1),
(95, 'bowen3179', 'Pass1234', '1723621953.jpg', '丁帆順', 'bowen3179@gmail.com', '0952719583', 5, '麻園八街89號之3', '2024-08-06 03:03:30', 1, 1),
(96, 'evans5129', 'Pass1234', '1.jpg', '莊沐谷', 'evans5129@gmail.com', '0938906409', 3, '國華街70號', '2024-08-06 03:03:30', 1, 1),
(97, 'cecil4153', 'Pass1234', '2.jpg', '郭劉祥', 'cecil4153@gmail.com', '0916405526', 14, '中正路35號', '2024-08-06 03:03:30', 0, 1),
(98, 'katherine4883', 'Pass1234', '3.jpg', '高琦郁', 'katherine4883@gmail.com', '0924066952', 13, '高坑92號', '2024-08-06 03:03:30', 1, 1),
(99, 'isaac5556', 'Pass1234', '4.jpg', '黃安柏', 'isaac5556@hotmail.com', '0986595744', 4, '和平路85號7樓', '2024-08-06 03:03:30', 0, 1),
(100, 'bryan8539', 'Pass1234', '5.jpg', '高拓濤', 'bryan8539@outlook.com', '0920425696', 6, '和平路2號7樓之2', '2024-08-06 03:03:30', 0, 1),
(101, 'trent442', 'Pass1234', '6.jpg', '康圖旭', 'trent442@gmail.com', '0954241952', 7, '三甲子79號2樓之2', '2024-08-06 03:03:30', 0, 1),
(102, 'amanda3197', 'Pass1234', '7.jpg', '紀以銀', 'amanda3197@gmail.com', '0937790819', 6, '鵠鵠崙路60號9樓', '2024-08-06 03:03:30', 1, 1),
(103, 'scarlett9586', 'Pass1234', '1723715984.jpg', '姜力芊', 'scarlett9586@outlook.com', '0910947209', 2, '富坡路75號', '2024-08-06 03:03:30', 0, 1),
(104, 'sergey5156', 'Pass1234', '1.jpg', '石俞祟', 'sergey5156@yahoo.com', '0918212893', 13, '承天路6號', '2024-08-06 03:03:30', 1, 1),
(105, 'brianna2310', 'Pass1234', '2.jpg', '郭心晉', 'brianna2310@gmail.com', '0953373213', 21, '番金路14號10樓之17', '2024-08-06 03:03:30', 1, 1),
(106, 'linda5256', 'Pass1234', '3.jpg', '劉欣甯', 'linda5256@gmail.com', '0988778937', 18, '大智路81號', '2024-08-06 03:03:30', 0, 1),
(107, 'alexia4793', 'Pass1234', '4.jpg', '湯儀容', 'alexia4793@yahoo.com', '0939612573', 15, '信義路53號9樓之5', '2024-08-06 03:03:30', 1, 0),
(108, 'frances3658', 'Pass1234', '5.jpg', '鄒玫瑛', 'frances3658@gmail.com', '0917575789', 9, '三豐路19號', '2024-08-06 03:03:30', 1, 1),
(109, 'marty6130', 'Pass1234', '6.jpg', '溫暉璟', 'marty6130@outlook.com', '0929754452', 2, '聖安二街16號', '2024-08-06 03:03:30', 1, 1),
(110, 'nelson7394', 'Pass1234', '7.jpg', '蔡翔錦', 'nelson7394@outlook.com', '0917745824', 3, '瑞慶路99號3樓', '2024-08-06 03:03:30', 1, 1),
(111, 'alvin5997', 'Pass1234', '1723716014.jpg', '林浩馨', 'alvin5997@gmail.com', '0986548464', 5, '西安街１段82號', '2024-08-06 03:03:30', 0, 1),
(112, 'shirley4837', 'Pass1234', '1723716054.jpg', '簡儀瑛', 'shirley4837@gmail.com', '0918938055', 3, '新南村興農路17號6樓之9', '2024-08-06 03:03:30', 0, 1),
(113, 'jessi0813', 'jin13', '1723716040.jpg', '林潔希', 'mullally5021@gmail.com', '0955596815', 1, '仁愛路一段92號', '2024-08-06 05:51:46', 0, 1),
(114, 'vicky84', '2024', '1.jpg', '吳濮緹', 'vicky8240@gmail.com', '0953274273', 17, '東溪巷78號之9', '2024-08-06 05:52:14', 0, 1),
(115, 'giles1', '2024', '2.jpg', '童君瑗', 'giles1459@gmail.com', '0929390566', 9, '文成路22號', '2024-08-06 05:54:07', 0, 1),
(116, 'britto', '2024', '3.jpg', '蔡倩宗', 'britton3071@hotmail.com', '0963405335', 10, '郡西路18號', '2024-08-06 05:54:24', 0, 1),
(117, 'jenny123', 'jenny123', '4.jpg', 'jenny', 'selina3346@outlook.com', '0912345678', 2, 'jenny123', '2024-08-06 08:09:02', 1, 1),
(118, 'david7', 'david711', '5.jpg', '黃千理', 'david712@hotmail.com', '0911357483', 4, '沙路92號12樓', '2024-08-06 07:59:19', 0, 1),
(119, 'GinaJac', 'aJackso', '6.jpg', '林思熙', 'jackson5162@gmail.com', '0911640296', 6, '濱海路３段32號', '2024-08-06 07:59:19', 1, 1),
(120, 'jenny123', 'jenny123', '7.jpg', '方大同', 'email@gmail.com', '0938473931', 1, '中沙路92號12樓', '2024-08-06 08:28:32', 0, 1),
(137, 'huihui2', 'hui2', '1723716062.jpg', '張惠惠', 'hui@gmail.com', '0913847356', 1, '', '2024-08-14 05:53:38', 0, 1),
(138, 'samy33', 'ssa12', '1.jpg', '蔡依珊', 'san@gmail.com', '0938473955', 1, '', '2024-08-14 05:55:23', 0, 1),
(139, 'jin3', 'kuojin', '2.jpg', '郭靜', 'kuo@gmail.com', '0938473939', 1, '', '2024-08-14 06:17:39', 0, 1),
(140, 'jessi14', 'pass123', '1723616303.jpg', '周傑西', 'jessi@gmail.com', '0938473923', 1, '', '2024-08-14 06:18:23', 0, 0),
(141, 'cliare58', 'cc558', '1723618743.jpg', '陳亭潔', 'claire58@gmail.com', '0925431543', 5, '', '2024-08-14 06:59:03', 0, 1),
(142, '9S7D8', 'Pass123', '1723618795.jpg', '林照瑾', 'allen3648@gmail.com', '0960588776', 2, '車路街32號', '2024-08-14 06:59:55', 0, 0),
(143, 'sn5Yb', 'Pass123', '1723618848.jpg', '黃依宛', 'becca791856@gmail.com', '0932941681', 1, '大英街21號之4', '2024-08-14 07:00:48', 0, 1),
(144, 'B5SF4', 'Pass123', '1723618893.jpg', '陳歡玫', 'sonia9274@outlook.com', '0928187042', 2, '豐東路41號', '2024-08-14 07:01:33', 1, 1),
(145, '6FHDc', 'Pass123', '1723619030.jpg', '林景芷', 'grecic7601@hotmail.com', '0926980725', 1, '中正路南埔巷6號', '2024-08-14 07:03:50', 0, 1),
(146, 'vBUE5', 'Pass123', '1723619265.jpg', '朱依清', 'wood1646@gmail.com', '0988530345', 1, '豆子埔25號11樓', '2024-08-14 07:07:45', 0, 0),
(147, 'z2bT83', 'Pass123', '1723619366.jpg', '黃品然', 'roy8252@hotmail.com', '0930432408', 1, '新東路84號', '2024-08-14 07:09:26', 0, 1),
(148, 'vkkz78', 'Pass123', '1723619540.jpg', '馬佳潔', 'baker6315@gmail.com', '0918105732', 2, '右昌忠義四巷36號之16', '2024-08-14 07:10:55', 1, 0),
(149, 'sQ8zSz', 'Pass123', '', '董棋鈺', 'phillips7272@gmail.com', '0914618045', 20, '金馬路１段96號', '2024-08-14 07:42:53', 0, 0),
(150, 'm5c6V6', 'Pass123', '', '賴彤研', 'robertson4025@outlook.com', '0936393273', 1, '信義街45號之13', '2024-08-14 07:43:29', 0, 0),
(151, 't2vX5B', 'Pass123', '1723621666.jpg', '劉宜芝', 'tara5433@gmail.com', '0989357336', 1, '北寧路100號', '2024-08-14 07:47:46', 0, 1),
(174, '123', '123', '', '123', '123', '123', 23, '', '2024-08-16 03:41:35', 0, 0),
(175, 'huei123', 'huei123', '1723784616.jpg', '金惠媛', 'huei@gamail.com', '0912345678', 10, '', '2024-08-16 05:01:35', 0, 0),
(176, 'hui123', 'hui456', '1723789079.jpg', '金惠媛', 'hui456@gmail.com', '0912345678', 12, '', '2024-08-16 06:17:12', 1, 0),
(177, 'hui123', 'hui123', '', '金惠媛', 'hui123@gmail.com', '0912345678', 23, '', '2024-08-16 07:46:18', 0, 0);

-- --------------------------------------------------------

--
-- 資料表結構 `post`
--

CREATE TABLE `post` (
  `post_id` int(11) NOT NULL,
  `title` varchar(50) NOT NULL COMMENT '標題',
  `img` varchar(100) NOT NULL COMMENT '貼文圖片',
  `body` varchar(50) DEFAULT NULL COMMENT '簡短內文',
  `membership_id` int(11) NOT NULL COMMENT '會員id',
  `post_genre_id` int(11) NOT NULL COMMENT '風格id',
  `created_at` timestamp NOT NULL DEFAULT current_timestamp() COMMENT '建立時間',
  `edited_at` timestamp NULL DEFAULT NULL,
  `isValid` int(11) NOT NULL DEFAULT 1
) ENGINE=InnoDB DEFAULT CHARSET=utf8mb4 COLLATE=utf8mb4_unicode_ci;

--
-- 傾印資料表的資料 `post`
--

INSERT INTO `post` (`post_id`, `title`, `img`, `body`, `membership_id`, `post_genre_id`, `created_at`, `edited_at`, `isValid`) VALUES
(1, '鹹粥', '1722914740.jpg', '台南的鹹粥超好吃！', 1, 2, '2024-08-04 17:03:18', '2024-08-12 00:22:28', 1),
(2, '牛肉麵', '1722914677.jpg', '大安區的牛肉麵真的超讚！', 2, 2, '2024-08-04 17:03:18', '2024-08-05 19:24:37', 1),
(3, '台南美食', '1722914643.jpg', '台南的鱔魚意麵真是一絕！香濃美味，超級推薦大家來試試！', 1, 1, '2024-08-04 17:08:50', '2024-08-05 19:24:03', 1),
(4, '台北夜市', '1722914597.jpg', '士林夜市的雞排超大超好吃，必買！', 2, 2, '2024-08-04 17:08:50', '2024-08-05 19:23:17', 1),
(5, '台中甜點', '1723778341.jfif', '宮原眼科的冰淇淋真的是天堂！', 1, 1, '2024-08-04 17:08:50', '2024-08-16 03:19:01', 1),
(6, '高雄小吃', '1722914332.jpeg', '六合夜市的木瓜牛奶超級讚，夏天必喝！', 3, 1, '2024-08-04 17:08:50', '2024-08-05 19:18:52', 1),
(7, '花蓮美景', '1722914364.jfif', '太魯閣的風景美到窒息，強力推薦！', 4, 3, '2024-08-04 17:08:50', '2024-08-05 19:19:24', 1),
(8, '台南古蹟', '1722914393.jfif', '赤崁樓的歷史氛圍非常濃厚，值得一遊！', 1, 3, '2024-08-04 17:08:50', '2024-08-05 19:19:53', 1),
(9, '台北咖啡廳', '1722914469.jpg', '這家咖啡廳的氛圍超棒，咖啡也很好喝！', 2, 2, '2024-08-04 17:08:50', '2024-08-05 19:21:09', 1),
(10, '台中火鍋', '1722914537.jpg', '這家火鍋店的湯底超濃郁，食材也新鮮！', 1, 1, '2024-08-04 17:08:50', '2024-08-05 19:22:17', 1),
(11, '宜蘭溫泉', '1722914817.jpg', '宜蘭的溫泉讓人放鬆身心，推薦！', 4, 2, '2024-08-04 17:08:50', '2024-08-16 07:55:33', 1),
(12, '墾丁海灘', '1722914853.jpg', '墾丁的海灘真的美，陽光沙灘海浪，一應俱全！', 3, 3, '2024-08-04 17:08:50', '2024-08-05 19:27:33', 1),
(13, '台北牛肉麵', '1722914959.jpg', '金春發牛肉麵真的超讚！肉質鮮嫩，湯頭濃郁，必吃！', 2, 1, '2024-08-04 17:23:41', '2024-08-05 19:29:19', 1),
(14, '花蓮美食', '1722915014.jpg', '來花蓮一定要試試這家的炸彈蔥油餅，超好吃！', 4, 1, '2024-08-04 17:23:41', '2024-08-05 19:30:14', 1),
(15, '台南甜點', '1722915044.jpg', '這家的綠豆沙冰超棒，消暑聖品！', 1, 1, '2024-08-04 17:23:41', '2024-08-05 19:30:44', 1),
(16, '嘉義雞肉飯', '1722915084.png', '嘉義的雞肉飯真的名不虛傳，好吃又便宜！', 3, 1, '2024-08-04 17:23:41', '2024-08-05 19:31:24', 1),
(17, '高雄港景', '1722915128.jpg', '高雄港的夜景超美，推薦來拍照！', 3, 3, '2024-08-04 17:23:41', '2024-08-05 19:32:08', 1),
(18, '台北火鍋', '1722915181.jpg', '這家麻辣火鍋的湯底超濃，吃完超過癮！', 2, 1, '2024-08-04 17:23:41', '2024-08-05 19:33:01', 1),
(19, '台中茶飲', 'taichung_tea.jpg', '這家的珍珠奶茶味道超棒，珍珠Q彈有嚼勁！', 1, 1, '2024-08-04 17:23:41', NULL, 0),
(20, '墾丁浮潛', 'kenting_snorkeling.jpg', '', 3, 3, '2024-08-04 17:23:41', NULL, 0),
(21, '宜蘭生態旅遊', 'yilan_ecotourism.jpg', '宜蘭的生態旅遊行程非常豐富，值得一去！', 4, 3, '2024-08-04 17:23:41', NULL, 0),
(22, '台南夜市', 'tainan_night_market.jpg', '台南的夜市超好逛，各種美食琳琅滿目！', 1, 2, '2024-08-04 17:23:41', NULL, 0),
(23, 'DQX', '1722908264.jpg', '超級好玩', 3, 4, '2024-08-04 18:47:42', '2024-08-05 19:33:26', 1),
(24, 'JOJO', '1722915278.jfif', '好看', 9, 5, '2024-08-04 20:06:10', '2024-08-05 19:34:38', 1),
(25, '87', '1722928128.png', '8787', 10, 6, '2024-08-04 22:15:58', '2024-08-05 23:08:48', 1),
(26, 'asus', '1722915456.jpg', '子龍任務', 12, 8, '2024-08-05 17:39:54', '2024-08-05 19:37:36', 1),
(27, '行天宮', '1722908463.jpg', '拜拜', 16, 7, '2024-08-05 17:41:03', NULL, 1),
(28, 'FF16', '1722924545.jpg', '還沒玩但想玩', 17, 4, '2024-08-05 22:09:05', NULL, 1),
(29, 'ikea', '1722925060.jpeg', 'IKEA 是我最愛的家具店，設計簡約又時尚，價格也很親民。店內的樣品房給了我很多裝潢靈感。', 18, 5, '2024-08-05 22:13:42', '2024-08-05 22:49:29', 1),
(30, '慈生宮', '1722925307.jpg', '每年過年都會去', 19, 7, '2024-08-05 22:21:47', NULL, 1),
(31, '龍山寺', '1722925308.jfif', '附近好吃的很多', 20, 7, '2024-08-05 22:21:47', '2024-08-05 22:23:03', 1),
(32, 'evga', '1722925528.jpg', '我都買大哥家的顯卡', 21, 8, '2024-08-05 22:25:28', NULL, 1),
(33, '海盜船', '1722925529.png', '滑鼠很好用，我自己也帶了3組', 22, 8, '2024-08-05 22:25:28', NULL, 1),
(34, '萬聖節', '1722928093.jpg', '今年的萬聖節活動超精彩，小朋友們的變裝太可愛了，還有豐富的糖果和遊戲，真的玩得很開心！', 23, 6, '2024-08-05 23:08:13', NULL, 1),
(35, 'haunted house', '1722928281.jpg', '555555555555', 24, 6, '2024-08-05 23:11:21', NULL, 1),
(36, 'jp', '1722928456.jpg', '稻荷大社', 25, 4, '2024-08-05 23:14:16', NULL, 1),
(37, '我家', '1722929067.jpg', '新買的沙發', 26, 5, '2024-08-05 23:24:27', NULL, 1),
(38, '法國', '1722929550.jpg', '小鎮夜景', 27, 3, '2024-08-05 23:32:30', NULL, 1),
(39, '羅馬尼亞', '1722929722.jpg', '菜上好慢', 28, 3, '2024-08-05 23:35:22', NULL, 1),
(40, '比利時', '1722929903.jpg', '湖畔風光', 29, 3, '2024-08-05 23:38:23', NULL, 1),
(41, '希臘', '1722930089.jpg', '名不虛傳，但觀光客好多', 30, 3, '2024-08-05 23:41:29', NULL, 1),
(42, '義大利', '1722930261.jpg', '底比薩斜塔甲披薩', 31, 3, '2024-08-05 23:44:21', NULL, 1),
(43, '捷克', '1722930350.jpg', '布拉格', 32, 3, '2024-08-05 23:45:50', NULL, 1),
(44, '生魚片', '1722930584.jpg', '豪ㄘ', 33, 4, '2024-08-05 23:49:44', NULL, 1),
(45, '拉麵', '1722930650.jpg', '在奈良吃的', 34, 4, '2024-08-05 23:50:50', NULL, 1),
(46, '壽喜燒', '1722930837.jpg', '聽說是百年老店', 35, 4, '2024-08-05 23:53:57', NULL, 1),
(47, '夏天活動', '1722931086.jpg', '一頭跳進湖裡', 36, 2, '2024-08-05 23:58:06', '2024-08-06 00:03:56', 1),
(48, '新買的櫃子', '1722931227.jpg', '好看ㄅ', 37, 5, '2024-08-06 00:00:27', NULL, 1),
(49, '海邊', '1722931407.jpg', '飯店的露天酒吧', 38, 2, '2024-08-06 00:03:27', NULL, 1),
(50, '韓國', '1722931716.jpg', '江南街景', 39, 2, '2024-08-06 00:08:36', NULL, 1),
(51, '美國', '1722932385.jpg', '來看金門大橋', 40, 2, '2024-08-06 00:19:45', NULL, 1),
(52, '來拉斯維加斯', '1722932615.jpg', '就是要來賭一下', 5, 2, '2024-08-06 00:23:35', '2024-08-12 17:14:39', 1),
(53, '不要賭博', '1722932664.jpg', '救命，我錢輸光了', 40, 2, '2024-08-06 00:24:24', NULL, 1),
(54, '文藝復興之都', '1722933171.jpg', '聖母百花大教堂', 41, 7, '2024-08-06 00:29:09', '2024-08-06 00:33:07', 1),
(57, '新的', '1723450713.png', '999', 42, 4, '2024-08-11 23:18:54', '2024-08-12 00:18:33', 0),
(58, '555', '1723447208.png', '6666', 41, 6, '2024-08-11 23:20:08', NULL, 0),
(59, '777', '1723447740.jpg', '66666', 43, 3, '2024-08-11 23:29:00', NULL, 0),
(60, '1111', '', 'qqqqqq', 15, 1, '2024-08-12 19:34:07', NULL, 0),
(61, '1111', '', '8888', 15, 1, '2024-08-12 19:38:55', NULL, 0),
(62, '超級懷念', '1723520929.jpg', '炸彈超人2', 15, 4, '2024-08-12 19:39:09', '2024-08-14 23:56:56', 1),
(63, '台北咖啡廳', '1723706705.jpg', '這家咖啡廳超有氛圍，推薦！', 63, 1, '2024-08-14 23:24:04', '2024-08-14 23:25:05', 1),
(64, '墾丁旅遊', '1723706738.jpg', '墾丁的海灘真美！', 64, 2, '2024-08-14 23:24:04', '2024-08-14 23:25:38', 1),
(65, '歐式麵包店', '1723706794.jpg', '這家麵包店超有歐洲風情！', 65, 3, '2024-08-14 23:24:04', '2024-08-14 23:26:34', 1),
(66, '日式居酒屋', '1723706833.jpg', '這家居酒屋的串燒超好吃！', 66, 4, '2024-08-14 23:24:04', '2024-08-14 23:27:13', 1),
(67, '北歐風居家', '1723706960.jpg', '北歐風的裝潢真的超美！', 67, 5, '2024-08-14 23:24:04', '2024-08-14 23:29:20', 1),
(68, '怪誕市集', '1723707006.jpg', '市集上有很多有趣的東西！', 68, 6, '2024-08-14 23:24:04', '2024-08-14 23:30:06', 1),
(69, '開運靈符', '1723707038.jpg', '這家的靈符真的很靈驗！', 69, 7, '2024-08-14 23:24:04', '2024-08-14 23:30:38', 1),
(70, '電競大賽', '1723707073.jpg', '這次的電競比賽超激烈！', 70, 8, '2024-08-14 23:24:04', '2024-08-14 23:31:13', 1),
(71, '台南甜點', '1723707099.jpg', '這家的甜點真的是人間美味！', 71, 1, '2024-08-14 23:24:04', '2024-08-14 23:31:39', 1),
(72, '宜蘭溫泉', '1723707226.jpg', '宜蘭的溫泉真的很舒服！', 72, 2, '2024-08-14 23:24:04', '2024-08-14 23:33:46', 1),
(73, '歐風餐廳', '1723707295.jpg', '這家餐廳超有歐洲風情！', 73, 3, '2024-08-14 23:24:04', '2024-08-14 23:34:55', 1),
(74, '日式庭園', '1723707330.jpg', '日式庭園裡的景色真的很美！', 74, 4, '2024-08-14 23:24:04', '2024-08-14 23:35:30', 1),
(75, '簡約風居家', '1723707358.jpg', '簡約風的設計真的超舒適！', 75, 5, '2024-08-14 23:24:04', '2024-08-14 23:35:58', 1),
(76, '怪誕藝術', '1723707525.jpg', '這件作品真的是很玄幻！', 76, 6, '2024-08-14 23:24:04', '2024-08-14 23:38:45', 1),
(77, '開運風水', '1723707585.jpg', '這些風水小技巧很有效！', 77, 7, '2024-08-14 23:24:04', '2024-08-14 23:39:45', 1),
(78, '電競新裝備', '1723707671.jpg', '這款電競裝備超酷！', 78, 8, '2024-08-14 23:24:04', '2024-08-14 23:41:11', 1),
(79, '台中夜市', '1723707766.jfif', '這個夜市的美食真的超棒！', 79, 1, '2024-08-14 23:24:04', '2024-08-14 23:42:46', 1),
(80, '花蓮海景', '1723707799.jpeg', '花蓮的海景真的很美！', 80, 2, '2024-08-14 23:24:04', '2024-08-14 23:43:19', 1),
(81, '歐式建築', '1723708031.jpg', '這棟建築超有歐洲風情！', 81, 3, '2024-08-14 23:24:04', '2024-08-14 23:47:11', 1),
(82, '日式料理', '1723708122.jpg', '這家日式料理的壽司超好吃！', 82, 4, '2024-08-14 23:24:04', '2024-08-14 23:48:42', 1),
(83, '溫馨居家', '1723708246.jpg', '這樣的居家設計真的很溫馨！', 83, 5, '2024-08-14 23:24:04', '2024-08-14 23:50:46', 1),
(84, '怪誕派對', '1723708295.jpg', '這場派對真的超怪誕！', 84, 6, '2024-08-14 23:24:04', '2024-08-14 23:51:35', 1),
(85, '開運紅包袋', '1723708393.jpg', '這些紅包袋真的很開運！', 85, 7, '2024-08-14 23:24:04', '2024-08-14 23:53:13', 1),
(86, '房間大改造', '1723708523.jpg', '我們家的電動間超酷的吧', 86, 8, '2024-08-14 23:24:04', '2024-08-14 23:55:23', 1),
(87, '高雄小吃', '1723708583.jpg', '這些小吃真的超好吃！', 87, 1, '2024-08-14 23:24:04', '2024-08-16 03:41:59', 1),
(88, '555', '1723779660.jpg', '555', 555, 3, '2024-08-16 03:41:00', NULL, 0),
(89, '12345456', '1723785873.jpg', '12345456', 123, 3, '2024-08-16 05:23:02', '2024-08-16 05:24:33', 0),
(90, '555', '1723786270.jpg', '555', 555, 1, '2024-08-16 05:31:10', NULL, 1),
(91, 'space', '1723788272.jpg', 'astronaut', 96, 2, '2024-08-16 06:04:32', NULL, 1),
(92, '88', '1723788958.png', '888', 88, 6, '2024-08-16 06:15:58', NULL, 0),
(93, '88', '1723794909.jpg', '888', 88, 1, '2024-08-16 07:55:09', NULL, 0);

-- --------------------------------------------------------

--
-- 資料表結構 `products`
--

CREATE TABLE `products` (
  `id` int(11) NOT NULL,
  `productsName` varchar(50) NOT NULL,
  `productsPrice` int(11) NOT NULL,
  `productsCreateAt` datetime NOT NULL DEFAULT current_timestamp(),
  `modifyTime` datetime DEFAULT NULL,
  `productsDescription` varchar(300) NOT NULL,
  `productsCategoryId` int(11) NOT NULL,
  `productsMemberId` int(11) NOT NULL,
  `productsAddress` varchar(300) NOT NULL,
  `productsOrigin` varchar(100) NOT NULL,
  `productsSize` varchar(30) NOT NULL,
  `productsColor` varchar(50) NOT NULL,
  `productsQuantity` int(11) NOT NULL,
  `productsNumber` int(11) NOT NULL,
  `isValid` int(11) DEFAULT 1,
  `endTime` datetime DEFAULT NULL
) ENGINE=InnoDB DEFAULT CHARSET=utf8mb4 COLLATE=utf8mb4_unicode_ci;

--
-- 傾印資料表的資料 `products`
--

INSERT INTO `products` (`id`, `productsName`, `productsPrice`, `productsCreateAt`, `modifyTime`, `productsDescription`, `productsCategoryId`, `productsMemberId`, `productsAddress`, `productsOrigin`, `productsSize`, `productsColor`, `productsQuantity`, `productsNumber`, `isValid`, `endTime`) VALUES
(1, '晨光紅馬克杯', 200, '2024-08-16 00:00:00', '2024-08-16 15:53:27', '這款紅色馬克杯具有晨光般的鮮豔顏色，圓潤的外型帶來溫暖的感覺，非常適合早晨使用。', 1, 0, '台北市中正區仁愛路一段123號', '台灣', 'M', '紅色', 50, 50, 1, '2024-08-16 15:53:40'),
(2, '海洋藍馬克杯', 220, '2024-08-16 13:32:51', '2024-08-16 11:30:55', '藍色馬克杯模仿海洋的深邃，帶有波浪紋路的設計，現代感十足，適合辦公室或家中使用。', 2, 0, '台北市信義區市府路45號', '台灣', 'L', '藍色', 30, 51, 1, NULL),
(3, '森林綠馬克杯', 180, '2024-08-16 10:02:42', '2024-08-15 16:30:33', '這款綠色馬克杯象徵森林的清新，設計簡約而典雅，適合喜愛自然風格的人士。', 3, 0, '台中市西區建國北路32號', '台灣', 'S', '綠色', 100, 52, 1, NULL),
(4, '陽光黃馬克杯', 250, '2024-08-16 10:02:44', '2024-08-15 16:31:19', '超大黃色馬克杯如陽光般明亮，適合喜歡大容量飲品的人，設計獨特而醒目。', 4, 0, '高雄市前鎮區中華五路26號', '台灣', 'L', '黃色', 20, 53, 1, NULL),
(5, '午夜黑馬克杯', 210, '2024-08-16 10:02:45', '2024-08-15 16:36:54', '黑色馬克杯以午夜般的深邃色彩，展現簡約大方的外觀，耐磨耐用，適合各種場合。', 1, 0, '台南市東區崇德路88號', '台灣', 'M', '黑色', 15, 54, 1, NULL),
(6, '純淨白馬克杯', 230, '2024-08-16 10:02:46', '2024-08-15 16:29:31', '純白馬克杯設計經典，內外光滑，給人簡約清新的感覺，適合日常使用。', 1, 0, '新北市板橋區中山路二段99號', '台灣', 'M', '白色', 25, 55, 1, NULL),
(7, '都市灰馬克杯', 240, '2024-08-16 10:02:48', '2024-08-15 16:30:03', '都市灰馬克杯外觀現代，容量大，適合喜歡簡約風格的人士，設計感強。', 2, 0, '台北市中正區仁愛路一段123號', '台灣', 'L', '灰色', 10, 56, 1, NULL),
(8, '活力橙馬克杯', 200, '2024-08-16 10:02:49', '2024-08-15 16:30:40', '橙色馬克杯明亮而充滿活力，設計簡單，給人愉悅的感覺，適合每天使用。', 3, 0, '台中市南區建國路五段56號', '台灣', 'M', '橙色', 60, 57, 1, NULL),
(9, '紫羅蘭馬克杯', 220, '2024-08-16 10:02:51', '2024-08-15 16:31:28', '紫色馬克杯小巧可愛，外觀精緻，適合女性使用，每次喝水都能感受到愉悅。', 4, 0, '基隆市仁愛區愛二路33號', '台灣', 'S', '紫色', 80, 58, 1, NULL),
(10, '柔粉馬克杯', 240, '2024-08-16 10:02:52', '2024-08-15 16:37:01', '粉色馬克杯外觀優雅，設計柔和，適合喜愛溫柔色彩的使用者，容量適中，使用舒適。', 2, 0, '新竹市東區中央路12號', '台灣', 'M', '粉色', 45, 59, 1, NULL),
(11, '熱情紅馬克杯', 210, '2024-08-16 10:02:54', '2024-08-15 16:29:37', '熱情紅馬克杯外型圓潤，色彩鮮豔，適合喜歡醒目顏色的人士，家庭使用或送禮皆宜。', 1, 0, '台北市中山區民權東路二段56號', '台灣', 'M', '紅色', 50, 60, 1, NULL),
(12, '深海藍馬克杯', 230, '2024-08-16 10:02:55', '2024-08-15 16:30:10', '深海藍馬克杯帶有深邃的藍色，設計現代，容量大，適合長時間飲用。', 2, 0, '台北市大安區敦化南路二段123號', '台灣', 'L', '藍色', 30, 61, 1, NULL),
(13, '嫩綠馬克杯', 200, '2024-08-16 10:02:56', '2024-08-15 16:30:53', '嫩綠色馬克杯小巧可愛，外觀清新，適合每天使用，讓你的早晨充滿清新感。', 3, 0, '台中市北區崇德路42號', '台灣', 'S', '綠色', 100, 62, 1, NULL),
(14, '舒適黃馬克杯', 250, '2024-08-16 10:02:58', '2024-08-15 16:31:35', '舒適黃馬克杯設計獨特，容量大，適合喜愛大份量飲品的人士，外觀明亮吸睛。', 4, 0, '高雄市左營區自由路1號', '台灣', 'L', '黃色', 20, 63, 1, NULL),
(15, '優雅黑馬克杯', 210, '2024-08-16 10:02:59', '2024-08-15 16:37:09', '優雅黑馬克杯外型簡約，顏色經典，適合各種場合使用，耐磨耐用，經久耐用。', 3, 0, '台南市南區府前路一段77號', '台灣', 'L', '黑色', 15, 64, 1, NULL),
(16, '經典白馬克杯', 230, '2024-08-16 10:03:01', '2024-08-15 16:29:43', '經典白馬克杯設計簡單，外觀光滑，適合多種風格的搭配，日常使用中非常舒適。', 1, 0, '新北市三峽區介壽路153號', '台灣', 'M', '白色', 25, 65, 1, NULL),
(17, '城市灰馬克杯', 240, '2024-08-16 10:03:02', '2024-08-15 16:30:18', '城市灰馬克杯外型現代，設計感強，容量大，適合家中或辦公室使用。', 2, 0, '桃園市中壢區元化路22號', '台灣', 'L', '灰色', 10, 66, 1, NULL),
(18, '活力橙馬克杯', 200, '2024-08-16 10:03:03', '2024-08-15 16:31:01', '活力橙馬克杯設計簡單，顏色鮮豔，適合每天使用，為你的生活增添色彩。', 3, 0, '台中市西屯區逢甲路15號', '台灣', 'M', '橙色', 60, 67, 1, NULL),
(19, '浪漫紫馬克杯', 220, '2024-08-16 10:03:04', '2024-08-15 16:31:46', '浪漫紫馬克杯小巧可愛，顏色柔和，外觀精緻，適合送給女性朋友。', 4, 0, '基隆市中正區和平路88號', '台灣', 'S', '紫色', 80, 68, 1, NULL),
(20, '溫馨粉馬克杯', 240, '2024-08-16 10:03:07', '2024-08-15 16:37:18', '溫馨粉馬克杯外觀柔和，設計優雅，適合喜愛粉色的使用者，容量適中，手感舒適。', 4, 0, '新竹市竹北市科技園區1號', '台灣', 'M', '粉色', 45, 69, 1, NULL),
(21, '晨曦紅馬克杯', 210, '2024-08-16 10:03:08', '2024-08-15 16:29:51', '晨曦紅馬克杯色彩鮮豔，圓潤設計，適合家庭使用或送給朋友，帶來溫暖的感覺。', 1, 0, '台北市松山區光復北路89號', '台灣', 'M', '紅色', 50, 70, 1, NULL),
(22, '深邃藍馬克杯', 230, '2024-08-16 10:03:09', '2024-08-15 16:30:26', '深邃藍馬克杯設計簡約，容量大，適合長時間飲用，現代感十足。', 2, 0, '台中市南區建國北路56號', '台灣', 'L', '藍色', 30, 71, 1, NULL),
(23, '可愛馬克杯U', 1290, '2024-08-16 13:33:01', '2024-08-16 10:08:02', 'nintendo', 1, 0, '台北市大安區', '台灣', 'L', '黃色', 1, 1090, 1, NULL),
(24, '藍色馬克杯', 1380, '2024-08-16 10:07:00', NULL, '螺旋馬克杯', 2, 0, '台北市大安區', '台灣', 'S', '藍色', 1, 1090, 1, '2024-08-16 10:08:15'),
(25, '白色小杯子', 1069, '2024-08-16 11:37:53', NULL, '白色的小的杯子', 1, 0, '台北市大安區', '台灣', 'L', '白色', 1, 997, 1, NULL),
(26, '12345', 12345, '2024-08-16 00:00:00', '2024-08-16 13:32:01', '12345', 3, 0, '12345', '12345', '12345', '12345', 12345, 12345, 1, '2024-08-16 13:33:21'),
(27, '馬克杯讚讚', 123, '2024-08-16 15:53:11', NULL, '讚', 1, 0, '台北市大安區', '台灣', 'L', '藍色', 1, 11, 1, NULL),
(28, '3', 132, '2024-08-16 15:53:11', NULL, '123456', 2, 0, '台北市大安', '台灣', 'L', '金', 3, 100, 1, NULL);

-- --------------------------------------------------------

--
-- 資料表結構 `productsimg`
--

CREATE TABLE `productsimg` (
  `id` int(11) NOT NULL,
  `file01` varchar(500) NOT NULL,
  `productsId` int(11) NOT NULL,
  `creatTime` datetime NOT NULL DEFAULT current_timestamp(),
  `modifyTime` datetime DEFAULT NULL,
  `isValid` int(11) DEFAULT 1
) ENGINE=InnoDB DEFAULT CHARSET=utf8mb4 COLLATE=utf8mb4_unicode_ci;

--
-- 傾印資料表的資料 `productsimg`
--

INSERT INTO `productsimg` (`id`, `file01`, `productsId`, `creatTime`, `modifyTime`, `isValid`) VALUES
(1, '1723794807.jpg', 1, '2024-08-15 16:28:39', NULL, 1),
(2, '1723779055.jpg', 2, '2024-08-15 16:28:39', NULL, 1),
(3, '1723710633.jpg', 3, '2024-08-15 16:28:39', NULL, 1),
(4, '1723710679.jpg', 4, '2024-08-15 16:28:39', NULL, 1),
(5, '1723711014.jpg', 5, '2024-08-15 16:28:39', NULL, 1),
(6, '1723710571.jpg', 6, '2024-08-15 16:28:39', NULL, 1),
(7, '1723710603.jpg', 7, '2024-08-15 16:28:39', NULL, 1),
(8, '1723710640.jpg', 8, '2024-08-15 16:28:39', NULL, 1),
(9, '1723710688.jpg', 9, '2024-08-15 16:28:39', NULL, 1),
(10, '1723711021.jpg', 10, '2024-08-15 16:28:39', NULL, 1),
(11, '1723710577.jpg', 11, '2024-08-15 16:28:39', NULL, 1),
(12, '1723710610.jpg', 12, '2024-08-15 16:28:39', NULL, 1),
(13, '1723710653.jpg', 13, '2024-08-15 16:28:39', NULL, 1),
(14, '1723710695.jpg', 14, '2024-08-15 16:28:39', NULL, 1),
(15, '1723711029.jpg', 15, '2024-08-15 16:28:39', NULL, 1),
(16, '1723710583.jpg', 16, '2024-08-15 16:28:39', NULL, 1),
(17, '1723710618.jpg', 17, '2024-08-15 16:28:39', NULL, 1),
(18, '1723710661.jpg', 18, '2024-08-15 16:28:39', NULL, 1),
(19, '1723710706.jpg', 19, '2024-08-15 16:28:39', NULL, 1),
(20, '1723711038.jpg', 20, '2024-08-15 16:28:39', NULL, 1),
(21, '1723710591.jpg', 21, '2024-08-15 16:28:39', NULL, 1),
(22, '1723710626.jpg', 22, '2024-08-15 16:28:39', NULL, 1),
(23, '1723774082.png', 23, '2024-08-16 10:07:00', NULL, 1),
(24, '1723774021.webp', 24, '2024-08-16 10:07:00', NULL, 1),
(25, '1723779473.jpg', 25, '2024-08-16 11:37:53', NULL, 1),
(26, '1723786321.jpg', 26, '2024-08-16 13:31:10', NULL, 1),
(27, '1723794791.jpg', 27, '2024-08-16 15:53:11', NULL, 1),
(28, '1723794792.jpg', 28, '2024-08-16 15:53:11', NULL, 1);

-- --------------------------------------------------------

--
-- 資料表結構 `project`
--

CREATE TABLE `project` (
  `id` int(11) NOT NULL,
  `ms_id` int(11) NOT NULL,
  `type_id` int(11) NOT NULL,
  `name` varchar(100) NOT NULL,
  `amount` int(11) NOT NULL,
  `sponsors` int(11) DEFAULT 0,
  `directions` varchar(100) NOT NULL,
  `img` varchar(50) NOT NULL,
  `scope` varchar(30) DEFAULT NULL,
  `pass` int(11) DEFAULT 0,
  `success` int(11) DEFAULT 0,
  `time` datetime DEFAULT current_timestamp(),
  `endtime` datetime DEFAULT NULL
) ENGINE=InnoDB DEFAULT CHARSET=utf8mb4 COLLATE=utf8mb4_general_ci;

--
-- 傾印資料表的資料 `project`
--

INSERT INTO `project` (`id`, `ms_id`, `type_id`, `name`, `amount`, `sponsors`, `directions`, `img`, `scope`, `pass`, `success`, `time`, `endtime`) VALUES
(1, 6, 2, '極簡幾何雕塑', 69000, 0, '馬克杯專案旨在設計一款具有創意圖案的陶瓷杯，適合日常使用和送禮。', '1723633670.png', NULL, 0, 0, '2024-08-14 19:07:50', '2024-08-16 15:14:08'),
(2, 8, 1, '彩色玻璃壁畫', 30000, 0, '此專案專注於打造耐用且環保的馬克杯，適合不同年齡層的使用者。', '1722839539.jpg', NULL, 0, 0, '0000-00-00 00:00:00', '2024-08-05 15:14:12'),
(3, 10, 1, '光影裝置藝術', 30000, 0, '我們的馬克杯專案提供多種個性化選項，讓顧客可以設計專屬於自己的杯子。', '1723795103.jpg', NULL, 1, 0, '2024-08-16 15:58:23', '2024-08-16 15:58:29'),
(4, 11, 1, '抽象線條畫作', 30000, 0, '此馬克杯專案專為咖啡愛好者設計，具備卓越的保溫性能。', '1723633781.jpg', NULL, 0, 0, '2024-08-14 19:09:41', NULL),
(5, 7, 1, '波普風格畫作', 30000, 0, '馬克杯專案結合現代設計與傳統工藝，創造出獨具特色的飲品容器。', '1723633769.webp', NULL, 1, 0, '2024-08-14 19:09:29', NULL),
(6, 9, 1, '數位拼貼作品', 30000, 0, '我們的馬克杯專案專注於創造極具視覺衝擊力的圖案和設計。', '1723633697.png', NULL, 0, 0, '2024-08-14 19:08:17', NULL),
(7, 6, 1, '立體折紙雕塑', 4523, 0, '此專案提供限量版馬克杯，採用高品質陶瓷，打造獨一無二的收藏品。', '1723633789.jpg', NULL, 1, 0, '2024-08-14 19:09:49', NULL),
(8, 18, 2, '動態影像藝術', 839, 0, '馬克杯專案旨在通過多樣化的設計，讓每一位使用者都能找到適合自己的款式。', '1723633775.jpg', NULL, 0, 0, '2024-08-14 19:09:35', NULL),
(9, 7, 1, '極簡主義裝置', 66661, 0, '此專案推出了一系列以大自然為主題的馬克杯，適合戶外愛好者。', '1722841230.jpg', NULL, 0, 0, '2024-08-05 15:00:30', '2024-08-01 15:11:34'),
(10, 1, 1, '當代金屬雕塑', 30000, 0, '我們的馬克杯專案致力於提供具有舒適握感和美觀外形的日用杯具。', '1723634173.jpg', NULL, 0, 0, '2024-08-14 19:16:13', NULL),
(11, 18, 2, '彩墨抽象畫', 23456, 123, '此專案融合了藝術與功能性，設計出既實用又有藝術感的馬克杯。', '1723633807.jpg', '台灣', 0, 0, '2024-08-14 19:10:07', '2024-12-31 23:59:59'),
(12, 13, 1, '數碼視覺裝置', 18900, 250, '馬克杯專案的目標是通過個性化設計，滿足顧客對獨特性的需求。', '1723633717.jpg', '台灣', 0, 0, '2024-08-14 19:08:37', '2024-11-15 09:00:00'),
(13, 3, 3, '現代拼布藝術', 45600, 75, '我們的馬克杯專案推出了多款具有趣味性和創意的主題馬克杯。', '1723634153.jpg', '台灣', 1, 1, '2024-08-14 19:15:53', '2025-01-01 08:30:00'),
(14, 4, 1, '混合媒材畫作', 32000, 342, '此專案專為辦公室設計了系列馬克杯，旨在增添工作環境的趣味。', '1723633762.jpg', '台灣', 0, 0, '2024-08-14 19:09:22', '2024-08-30 22:15:00'),
(15, 5, 2, '工業風格雕塑', 27500, 410, '馬克杯專案專注於創造一種既能展現個人風格又能提升飲品體驗的杯子。', '', '台灣', 1, 1, '2023-04-22 08:00:00', '2024-07-10 13:45:00'),
(16, 6, 3, '透明樹脂雕塑', 10500, 85, '此專案推出了可重複使用的環保馬克杯，減少一次性杯具的使用。', '', '台灣', 0, 0, '2023-07-19 12:30:00', '2024-06-20 18:00:00'),
(17, 7, 2, '光學錯覺畫作', 49000, 300, '我們的馬克杯專案針對不同節日推出了專屬限量版，為節日增添氣氛。', '1723634161.webp', '台灣', 1, 1, '2024-08-14 19:16:01', '2025-03-15 07:45:00'),
(18, 8, 1, '未來主義雕塑', 37800, 500, '此專案的馬克杯設計靈感來自於各種文化符號，展現多元文化。', '1723634240.jpg', '台灣', 0, 1, '2024-08-14 19:17:20', '2024-10-31 10:00:00'),
(19, 9, 3, '金屬幾何雕塑', 42000, 90, '馬克杯專案旨在通過多彩的設計，讓每一次飲品體驗更加愉悅。', '', '台灣', 1, 0, '2023-06-18 14:45:00', '2024-05-25 09:20:00'),
(20, 10, 2, '聲音裝置藝術', 22000, 175, '我們的馬克杯專案結合了創意與實用性，設計出具有時尚感的日用杯具。', '1723633754.webp', '台灣', 0, 0, '2024-08-14 19:09:14', '2024-09-15 16:40:00'),
(21, 11, 1, '塗鴉風格畫作', 36000, 240, '此專案針對學生族群推出了一系列具備激勵語句的馬克杯。', '1723634124.jpg', '台灣', 1, 1, '2024-08-14 19:15:24', '2025-04-01 20:10:00'),
(22, 12, 3, '極簡主義畫作', 41000, 333, '馬克杯專案旨在通過簡約設計，凸顯使用者的個人品味與風格。', '', '台灣', 0, 1, '2023-10-01 08:50:00', '2024-07-05 14:30:00'),
(23, 13, 2, '數碼拼接藝術', 24000, 210, '此專案推出了具備隨行功能的馬克杯，方便忙碌的都市生活。', '1723634247.jpg', '台灣', 0, 0, '2024-08-14 19:17:27', '2024-11-20 12:30:00'),
(24, 14, 1, '立體構成畫作', 34500, 99, '我們的馬克杯專案以優雅的設計和精緻的細節吸引了眾多愛好者。', '1723634256.jpg', '台灣', 0, 0, '2024-08-14 19:17:36', '2025-02-14 11:00:00'),
(25, 15, 3, '現代水墨藝術', 50000, 57, '此專案推出的馬克杯採用創新材料製造，具有更好的保溫效果。', '1723634266.jpg', '台灣', 1, 1, '2024-08-14 19:17:46', '2024-08-18 21:50:00'),
(26, 16, 2, '不鏽鋼雕塑', 15500, 390, '馬克杯專案旨在創造一款既耐用又美觀的陶瓷杯，適合日常使用。', '1723634276.jpg', '台灣', 0, 1, '2024-08-14 19:17:56', '2024-12-09 19:25:00'),
(27, 17, 1, '光影互動裝置', 31000, 112, '此專案專注於打造具有復古風格的馬克杯，適合懷舊愛好者。', '1723634195.jpg', '台灣', 0, 0, '2024-08-14 19:16:35', '2024-11-01 16:00:00'),
(28, 18, 3, '數位拼圖藝術', 16000, 250, '我們的馬克杯專案融合了現代藝術元素，設計出引人注目的日用杯具。', '1723634205.jpg', '台灣', 0, 0, '2024-08-14 19:16:45', '2024-10-20 13:50:00'),
(29, 19, 2, '當代視覺藝術', 28000, 130, '此專案推出了一系列以城市景觀為主題的馬克杯，適合作為紀念品。', '1723633738.png', '台灣', 1, 1, '2024-08-14 19:08:58', '2025-01-25 08:40:00'),
(30, 20, 1, '裝置藝術展', 37500, 205, '馬克杯專案旨在通過精美的手繪圖案，讓每一款杯子都成為藝術品。', '1723634143.jpg', '台灣', 0, 0, '2024-08-14 19:15:43', '2024-12-12 18:20:00'),
(31, 6, 1, '光影裝置作品', 635636, 0, '我們的馬克杯專案專為旅行者設計，提供輕便耐用的隨行馬克杯。', '1723196115.jpg', NULL, 0, 0, '2024-08-09 17:35:15', NULL),
(32, 17, 1, '數位媒體裝置', 66600, 0, '此專案致力於通過定製化服務，讓顧客能創造出獨一無二的馬克杯。', '1723196367.jpg', NULL, 0, 0, '2024-08-09 17:39:27', NULL),
(33, 26, 1, '數碼拼貼藝術', 66658, 0, '馬克杯專案旨在打造一款能完美配合現代家居風格的簡約杯具。', '1723634110.jpg', NULL, 0, 0, '2024-08-14 19:15:10', NULL),
(34, 8, 1, '現代壁面裝飾', 5433543, 0, '我們的馬克杯專案推出了多款具備動物圖案的系列，適合動物愛好者。', '1723634286.jpg', NULL, 0, 0, '2024-08-14 19:18:06', NULL),
(35, 27, 1, '抽象色塊畫作', 54348, 0, '此專案專注於設計具備趣味性和互動性的馬克杯，增添生活樂趣。', '1723634220.jpg', NULL, 1, 0, '2024-08-14 19:17:00', NULL),
(36, 19, 1, '動態光影裝置', 66787, 0, '馬克杯專案結合了科技與設計，推出具備智能溫控功能的馬克杯。', '1723634228.jpg', NULL, 0, 0, '2024-08-14 19:17:08', NULL),
(37, 29, 1, '水彩拼貼作品', 35434, 0, '我們的馬克杯專案針對情侶推出了對杯系列，完美展現浪漫氛圍。', '1723634301.jpg', NULL, 0, 0, '2024-08-14 19:18:21', NULL),
(38, 26, 2, '453543543', 356536, 0, '563563374378354345345354354', '1723708306.png', NULL, 0, 0, '2024-08-15 15:51:46', '2024-08-16 13:09:37'),
(39, 21, 1, 'Mary12344', 68000, 0, '12131234536454312345345', '1723785672.jpg', NULL, 1, 0, '2024-08-16 13:21:54', '2024-08-16 13:22:07'),
(40, 0, 1, '123123123', 123123123, 0, '123123123123123123123123', '1723788112.png', NULL, 0, 0, '2024-08-16 14:01:52', '2024-08-16 14:02:14'),
(41, 0, 2, 'gkergre', 303000, 0, 'rgrgreaaaaaaaaaaaaaaaa', '', NULL, 0, 0, '2024-08-16 15:28:34', '2024-08-16 15:28:49'),
(42, 0, 1, 'qwdwdwqd', 300030, 0, 'asdfqwdqwdqwdqwdwqdwqdwq', '1723795065.jpg', NULL, 0, 0, '2024-08-16 15:57:45', NULL),
(43, 0, 1, '9838383', 33333, 0, '8yukyukyukyukyukykukyuj', '1723795066.jpg', NULL, 0, 0, '2024-08-16 15:57:45', NULL);

-- --------------------------------------------------------

--
-- 資料表結構 `type`
--

CREATE TABLE `type` (
  `id` int(11) NOT NULL,
  `name` varchar(20) DEFAULT NULL
) ENGINE=InnoDB DEFAULT CHARSET=utf8mb4 COLLATE=utf8mb4_general_ci;

--
-- 傾印資料表的資料 `type`
--

INSERT INTO `type` (`id`, `name`) VALUES
(1, '經典直筒'),
(2, '凹凸紋路'),
(3, '藝術手工');

-- --------------------------------------------------------

--
-- 資料表結構 `users`
--

CREATE TABLE `users` (
  `id` int(5) NOT NULL,
  `userId` int(11) NOT NULL,
  `email` varchar(50) NOT NULL,
  `password` varchar(100) NOT NULL,
  `name` varchar(30) NOT NULL,
  `isValid` int(1) NOT NULL DEFAULT 1
) ENGINE=InnoDB DEFAULT CHARSET=utf8mb4 COLLATE=utf8mb4_general_ci;

--
-- 傾印資料表的資料 `users`
--

INSERT INTO `users` (`id`, `userId`, `email`, `password`, `name`, `isValid`) VALUES
(1, 1, 'mi1224ke06@gmail.com', '12345', 'mike', 1),
(2, 2, 'coco@gmail.com', '$2y$10$XSRGf0Ff5u5ihiM1UmiLvezHbJW90NHgAc1wUDdQQfZfhrgkh07l6', 'mike', 1),
(3, 3, 'cindy@gmail.com', '$2y$10$Wl.1bm0Yg7HdLVxLAuh/RONoYJiIhHkh5Chz3ygSJ31/YPa05f.rW', 'mike', 1),
(4, 4, 'simon@gmail.com', '$2y$10$JK7XHKrJtDP7kyYffokCG.nPFypNLPii0S22O5dX6HlD2W78ajuK6', 'mike', 1),
(5, 5, 'jack@gmail.com', '$2y$10$irRFHQ.FuvMthhWGgciy/umv9lKy9.HLFxWCIXiaPv1TtBA.uHv2a', 'mike', 1),
(6, 6, 'si@gmail.com', '$2y$10$xwVl09TaCrm0FOXXRmiryOpdtEXmWuW8uTD7FlzIuiS3/NNFqjWgG', 'mike', 1),
(7, 0, 'aaa@gmail.com', '$2y$10$ayUiCISuGZZpQxMQBVJwUeOlbbEp8WdqUrHKPzR4wNq9Zs5mulXqy', 'mike', 1);

--
-- 已傾印資料表的索引
--

--
-- 資料表索引 `category`
--
ALTER TABLE `category`
  ADD PRIMARY KEY (`id`);

--
-- 資料表索引 `city`
--
ALTER TABLE `city`
  ADD PRIMARY KEY (`CityID`);

--
-- 資料表索引 `designerornot`
--
ALTER TABLE `designerornot`
  ADD PRIMARY KEY (`designerID`);

--
-- 資料表索引 `employees`
--
ALTER TABLE `employees`
  ADD PRIMARY KEY (`EmployeeID`),
  ADD KEY `MS_ID` (`MS_ID`);

--
-- 資料表索引 `membershipsystem`
--
ALTER TABLE `membershipsystem`
  ADD PRIMARY KEY (`MS_ID`),
  ADD KEY `designerOrNot` (`designerOrNot`);

--
-- 資料表索引 `post`
--
ALTER TABLE `post`
  ADD PRIMARY KEY (`post_id`);

--
-- 資料表索引 `products`
--
ALTER TABLE `products`
  ADD PRIMARY KEY (`id`);

--
-- 資料表索引 `productsimg`
--
ALTER TABLE `productsimg`
  ADD PRIMARY KEY (`id`);

--
-- 資料表索引 `project`
--
ALTER TABLE `project`
  ADD PRIMARY KEY (`id`);

--
-- 資料表索引 `type`
--
ALTER TABLE `type`
  ADD PRIMARY KEY (`id`);

--
-- 資料表索引 `users`
--
ALTER TABLE `users`
  ADD PRIMARY KEY (`id`);

--
-- 在傾印的資料表使用自動遞增(AUTO_INCREMENT)
--

--
-- 使用資料表自動遞增(AUTO_INCREMENT) `category`
--
ALTER TABLE `category`
  MODIFY `id` int(11) NOT NULL AUTO_INCREMENT, AUTO_INCREMENT=5;

--
-- 使用資料表自動遞增(AUTO_INCREMENT) `city`
--
ALTER TABLE `city`
  MODIFY `CityID` int(11) NOT NULL AUTO_INCREMENT, AUTO_INCREMENT=25;

--
-- 使用資料表自動遞增(AUTO_INCREMENT) `employees`
--
ALTER TABLE `employees`
  MODIFY `EmployeeID` int(11) NOT NULL AUTO_INCREMENT, AUTO_INCREMENT=21;

--
-- 使用資料表自動遞增(AUTO_INCREMENT) `membershipsystem`
--
ALTER TABLE `membershipsystem`
  MODIFY `MS_ID` int(11) NOT NULL AUTO_INCREMENT, AUTO_INCREMENT=178;

--
-- 使用資料表自動遞增(AUTO_INCREMENT) `post`
--
ALTER TABLE `post`
  MODIFY `post_id` int(11) NOT NULL AUTO_INCREMENT, AUTO_INCREMENT=94;

--
-- 使用資料表自動遞增(AUTO_INCREMENT) `products`
--
ALTER TABLE `products`
  MODIFY `id` int(11) NOT NULL AUTO_INCREMENT, AUTO_INCREMENT=29;

--
-- 使用資料表自動遞增(AUTO_INCREMENT) `productsimg`
--
ALTER TABLE `productsimg`
  MODIFY `id` int(11) NOT NULL AUTO_INCREMENT, AUTO_INCREMENT=29;

--
-- 使用資料表自動遞增(AUTO_INCREMENT) `project`
--
ALTER TABLE `project`
  MODIFY `id` int(11) NOT NULL AUTO_INCREMENT, AUTO_INCREMENT=44;

--
-- 使用資料表自動遞增(AUTO_INCREMENT) `type`
--
ALTER TABLE `type`
  MODIFY `id` int(11) NOT NULL AUTO_INCREMENT, AUTO_INCREMENT=5;

--
-- 使用資料表自動遞增(AUTO_INCREMENT) `users`
--
ALTER TABLE `users`
  MODIFY `id` int(5) NOT NULL AUTO_INCREMENT, AUTO_INCREMENT=8;

--
-- 已傾印資料表的限制式
--

--
-- 資料表的限制式 `employees`
--
ALTER TABLE `employees`
  ADD CONSTRAINT `employees_ibfk_1` FOREIGN KEY (`MS_ID`) REFERENCES `membershipsystem` (`MS_ID`) ON DELETE CASCADE;
COMMIT;

/*!40101 SET CHARACTER_SET_CLIENT=@OLD_CHARACTER_SET_CLIENT */;
/*!40101 SET CHARACTER_SET_RESULTS=@OLD_CHARACTER_SET_RESULTS */;
/*!40101 SET COLLATION_CONNECTION=@OLD_COLLATION_CONNECTION */;
